"Site","Activity","Square","depth","soil_volume_cm3","soil_dens_g.cm3","soil_g","charcoal_wood_g","charcoal_endo_g","ceramics_g","slag_g","lithics_g","NA.","NA..1","ceramics","slag","stone","botanics","charcoal","bone","burnt.clay","soil.sample","coin","X.modern..materials","stone.numbers","stones.weight","comments"
"MUK 2018/1030/10",5,"1a",20,112500,1.3,146250,"0","0",62.3,0,515.8,NA,NA,1,NA,1,1,NA,NA,NA,NA,NA,"1",NA,"515.8",NA
"MUK 2018/1030/10",6,"1b",20,112500,1.3,146250,"0","0",55.6,0,579.1,NA,NA,1,NA,1,1,NA,NA,NA,NA,NA,"1",NA,"579.1",NA
"MUK 2018/1030/10",7,"1c",20,112500,1.3,146250,"0","0",16.6,0,1104,NA,NA,1,NA,1,1,NA,1,NA,NA,NA,"1",NA,"1104",NA
"MUK 2018/1030/10",8,"1d",20,112500,1.3,146250,"NA","NA",60.2,0,591,NA,NA,1,NA,1,1,NA,NA,NA,NA,1,"1",NA,"591","ab hier sortieren"
"MUK 2018/1030/10",9,"2a",20,112500,1.3,146250,"NA","NA",23.5,0,430,NA,NA,1,NA,1,1,NA,NA,NA,NA,NA,"1",NA,"430",NA
"MUK 2018/1030/10",10,"2b",20,112500,1.3,146250,"NA","NA",30.4,0,1120,NA,NA,1,NA,1,1,NA,NA,NA,NA,NA,"1",NA,"1120",NA
"MUK 2018/1030/10",11,"2c",20,112500,1.3,146250,"NA","NA",10.8,0,192,NA,NA,1,NA,1,1,NA,1,NA,NA,NA,"1",NA,"192",NA
"MUK 2018/1030/10",12,"2d",20,112500,1.3,146250,"NA","NA",23.2,0,360,NA,NA,1,NA,1,1,NA,NA,NA,NA,NA,"1",NA,"360",NA
"MUK 2018/1030/10",13,"3a",20,112500,1.3,146250,"NA","NA",9.2,0,387,NA,NA,1,NA,1,1,NA,1,NA,NA,NA,"1",NA,"387",NA
"MUK 2018/1030/10",14,"3b",20,112500,1.3,146250,"NA","NA",117.5,0,490,NA,NA,1,NA,1,1,NA,NA,NA,NA,NA,"1",NA,"490","Perle, grüner Stein"
"MUK 2018/1030/10",15,"3c",20,112500,1.3,146250,"NA","NA",36.1,0,606,NA,NA,1,NA,1,1,NA,NA,NA,NA,NA,"1",NA,"606",NA
"MUK 2018/1030/10",16,"3d",20,112500,1.3,146250,"NA","NA",25.2,0,396,NA,NA,1,NA,1,1,NA,NA,NA,NA,NA,"1",NA,"396",NA
"MUK 2018/1030/10",17,"1a",40,112500,1.3,146250,"NA","NA",18.9,0,231,NA,NA,1,NA,1,1,NA,1,NA,NA,NA,"1",NA,"231",NA
"MUK 2018/1030/10",18,"1b",40,112500,1.3,146250,"NA","NA",27.2,5.6,151,NA,NA,1,1,1,1,NA,NA,NA,NA,NA,"1",NA,"151",NA
"MUK 2018/1030/10",19,"1c",40,112500,1.3,146250,"NA","NA",72.2,0,326,NA,NA,1,NA,1,1,NA,NA,NA,NA,NA,"1",NA,"326",NA
"MUK 2018/1030/10",20,"1d",40,112500,1.3,146250,"NA","NA",82.7,0,83,NA,NA,1,NA,1,1,NA,NA,NA,NA,NA,"1",NA,"83",NA
"MUK 2018/1030/10",21,"2a",40,112500,1.3,146250,"NA","NA",21.5,0,1,NA,NA,1,NA,1,1,NA,NA,NA,NA,NA,"1",1,"1",NA
"MUK 2018/1030/10",23,"2b",40,112500,1.3,146250,"NA","NA",44.9,0,125,NA,NA,1,NA,1,1,NA,NA,NA,NA,NA,"?",NA,"125",NA
"MUK 2018/1030/10",24,"2c",40,112500,1.3,146250,"NA","NA",39.6,3.4,100,NA,NA,1,1,1,NA,NA,NA,NA,NA,NA,"?",NA,"100",NA
"MUK 2018/1030/10",25,"2d",40,112500,1.3,146250,"NA","NA",99.7,0,131,NA,NA,1,NA,1,1,NA,NA,NA,NA,NA,"?",NA,"131",NA
"MUK 2018/1030/10",26,"3a",40,112500,1.3,146250,"NA","NA",57.2,0,73,NA,NA,1,NA,1,1,NA,NA,NA,NA,NA,"?",NA,"73",NA
"MUK 2018/1030/10",27,"3b",40,112500,1.3,146250,"NA","NA",40.7,0,9,NA,NA,1,NA,1,1,NA,NA,NA,NA,NA,"?",NA,"9",NA
"MUK 2018/1030/10",28,"3c",40,112500,1.3,146250,"NA","NA",54.8,0,0.1,NA,NA,1,NA,1,NA,NA,NA,NA,NA,NA,"?",2,"0",NA
"MUK 2018/1030/10",29,"3d",40,112500,1.3,146250,"NA","NA",70.3,0,0,NA,NA,1,NA,NA,1,NA,NA,NA,NA,NA,"?",NA,NA,NA
"MUK 2018/1030/10",30,"1a",60,112500,1.3,146250,"NA","NA",74.4,0,261.2,NA,NA,1,NA,1,1,NA,NA,NA,NA,NA,"1",NA,"261.2","Plastik"
"MUK 2018/1030/10",31,"1b",60,112500,1.3,146250,"NA","NA",34.1,5.5,22.6,NA,NA,1,NA,1,1,NA,NA,NA,NA,NA,"1",44,"22.6",NA
"MUK 2018/1030/10",33,"1c",60,112500,1.3,146250,"10.0769230769231","7.65846153846154",123.7,2.2,0,NA,NA,1,1,NA,1,NA,NA,NA,NA,NA,NA,NA,NA,NA
"MUK 2018/1030/10",35,"1d",60,112500,1.3,146250,"18.3791139240506","37.7936708860759",168.6,27.6,2.3,NA,NA,1,1,1,NA,NA,NA,NA,NA,NA,NA,5,"2.3",NA
"MUK 2018/1030/10",36,"2a",60,112500,1.3,146250,"49.2148734177215","60.5721518987342",135.5,0,0.3,NA,NA,1,NA,1,1,NA,NA,NA,NA,NA,NA,2,"0.3",NA
"MUK 2018/1030/10",37,"2b",60,112500,1.3,146250,"11.1","28.9",43,0,0,NA,NA,1,NA,NA,1,NA,NA,NA,NA,NA,NA,NA,NA,NA
"MUK 2018/1030/10",39,"2c",60,112500,1.3,146250,"31.8046474358974","48.3673076923077",152.7,0,148.4,NA,NA,1,NA,1,1,NA,NA,NA,NA,NA,NA,3,"148.4",NA
"MUK 2018/1030/10",41,"2d",60,112500,1.3,146250,"33.9625","54.5",148.4,0,3.6,NA,NA,1,NA,1,1,NA,NA,NA,NA,NA,NA,3,"3.6",NA
"MUK 2018/1030/10",42,"3a",60,112500,1.3,146250,"47.2508571428571","86.9710476190476",133,0,7.7,NA,NA,1,NA,1,1,NA,NA,NA,NA,NA,NA,2,"7.7",NA
"MUK 2018/1030/10",43,"3b",60,112500,1.3,146250,"23.0205223880597","51.1567164179104",115.1,31.6,511.2,NA,NA,1,1,1,NA,NA,NA,NA,NA,NA,NA,6,"511.2",NA
"MUK 2018/1030/10",44,"3c",60,112500,1.3,146250,"12.6","21.4",34.5,20.7,1.4,NA,NA,1,NA,1,NA,NA,NA,NA,NA,NA,"1",2,"1.4",NA
"MUK 2018/1030/10",45,"3d",60,112500,1.3,146250,"17.419739292365","46.8309124767225",77,0,2.2,NA,NA,1,NA,1,1,NA,NA,NA,NA,NA,NA,1,"2.2","bis hier sortieren"
"MUK 2018/1030/10",46,"1a",80,112500,1.3,146250,"4.6","121.2",9.4,0,7.7,NA,NA,1,NA,1,1,1,NA,"1",NA,NA,"1",9,"7.7","Störung Steine nicht gewogen"
"MUK 2018/1030/10",48,"1b",80,112500,1.3,146250,"9","12.7",12.8,0,1.1,NA,NA,1,NA,1,1,1,NA,"1",NA,NA,"1",2,"1.1",NA
"MUK 2018/1030/10",49,"1c",80,112500,1.3,146250,"1.4","111.2",0,0,0.1,NA,NA,NA,NA,1,1,1,NA,NA,NA,NA,NA,1,"0","eigentlich 2 chips, einer szerstört"
"MUK 2018/1030/10",50,"1d",80,112500,1.3,146250,"3.3","48.5",3.7,0,0,NA,NA,1,NA,NA,1,1,NA,"1",NA,NA,NA,NA,NA,NA
"MUK 2018/1030/10",51,"2a",80,112500,1.3,146250,"12.3","31.9",0.1,0,0,NA,NA,1,NA,NA,1,1,NA,"1",NA,NA,NA,NA,NA,NA
"MUK 2018/1030/10",52,"2b",80,112500,1.3,146250,"16.3","15.8",0,0,0,NA,NA,NA,NA,NA,1,1,NA,"1",NA,NA,NA,NA,NA,NA
"MUK 2018/1030/10",53,"2c",80,112500,1.3,146250,"16.4","9.7",4.6,0,123.5,NA,NA,1,NA,1,1,1,NA,"1",NA,NA,NA,1,"123.5",NA
"MUK 2018/1030/10",54,"2d",80,112500,1.3,146250,"30.7","5.8",1,0,0,NA,NA,1,NA,NA,1,1,NA,"1",NA,NA,NA,NA,NA,NA
"MUK 2018/1030/10",55,"3a",80,112500,1.3,146250,"34.7","0.7",0,0,0,NA,NA,NA,NA,NA,1,1,NA,"1",NA,NA,NA,NA,NA,NA
"MUK 2018/1030/10",56,"3b",80,112500,1.3,146250,"73.5","0",0,0,0,NA,NA,NA,NA,NA,NA,1,NA,"1",NA,NA,NA,NA,NA,NA
"MUK 2018/1030/10",57,"1a",100,112500,1.3,146250,"0.4","3",0,0,0,NA,NA,NA,NA,NA,NA,1,NA,NA,NA,NA,NA,NA,NA,NA
"MUK 2018/1030/10",58,"1b",100,112500,1.3,146250,"0.1","0.8",0,0,0,NA,NA,NA,NA,1,NA,1,NA,"1",NA,NA,NA,NA,NA,"Harz/Bernstein?"
"MUK 2018/1030/10",59,"1c",100,112500,1.3,146250,"4.9","0",0,0,0.1,NA,NA,NA,NA,1,NA,1,NA,NA,NA,NA,NA,2,"0",NA
"MUK 2018/1030/10",60,"1d",100,112500,1.3,146250,"2.7","0",0,0,1.6,NA,NA,NA,NA,1,NA,1,NA,"1",NA,NA,NA,1,"1.6",NA
"MUK 2018/1030/10",61,"2a",100,112500,1.3,146250,"1.2","0",0,0,0,NA,NA,NA,NA,NA,NA,1,NA,"1",NA,NA,NA,NA,NA,NA
"MUK 2018/1030/10",62,"2b",100,112500,1.3,146250,"0.1","0.1",0,0,0,NA,NA,NA,NA,NA,NA,1,NA,"1",NA,NA,NA,NA,NA,NA
"MUK 2018/1030/10",63,"2c",100,112500,1.3,146250,"62.5","0",0,0,3.7,NA,NA,NA,NA,1,NA,1,NA,"1",NA,NA,NA,1,"3.7",NA
"MUK 2018/1030/10",64,"2d",100,112500,1.3,146250,"34.4","0",0,0,0,NA,NA,NA,NA,NA,NA,1,NA,"1",NA,NA,NA,NA,NA,NA
"MUK 2018/1030/10",65,"3a",100,112500,1.3,146250,"164.2","0",0,0,39.3,NA,NA,NA,NA,1,NA,1,NA,NA,NA,NA,NA,1,"39.3","85cm Tiefe"
"MUK 2018/1030/10",66,"3b",100,112500,1.3,146250,"59","0",0,0,0,NA,NA,NA,NA,NA,NA,1,NA,NA,NA,NA,NA,NA,NA,NA
"MUK 2018/1030/10",67,"1a",120,112500,1.3,146250,"12.8","0",0,0,0,NA,NA,NA,NA,NA,NA,1,NA,"1",NA,NA,NA,NA,NA,NA
"MUK 2018/1030/10",68,"1b",120,112500,1.3,146250,"11.2","0",0,0,0,NA,NA,NA,NA,NA,NA,1,NA,"1",NA,NA,NA,NA,NA,NA
"MUK 2018/1030/10",69,"1c",120,112500,1.3,146250,"4.2","0",0,0,0,NA,NA,NA,NA,NA,1,1,NA,NA,NA,NA,NA,NA,NA,"in einer Tüte"
"MUK 2018/1030/10",70,"1d",120,112500,1.3,146250,"20.2","0",0,0,3.4,NA,NA,1,NA,1,NA,1,NA,NA,NA,NA,NA,2,"3.4","Keramikfragment wahrscheinlich verlagert durch Bioturbation"
"MUK 2018/1030/10",71,"2a",120,112500,1.3,146250,"11.4","0",0,0,0,NA,NA,NA,NA,1,NA,1,NA,"1",NA,NA,NA,NA,NA,"Kortex verworfen"
"MUK 2018/1030/10",72,"2b",120,112500,1.3,146250,"10.8","0.4",0,0,0,NA,NA,NA,NA,NA,NA,1,NA,"1",NA,NA,NA,NA,NA,NA
"MUK 2018/1030/10",73,"2c",120,112500,1.3,146250,"5.5","0",0,0,0,NA,NA,NA,NA,NA,NA,1,NA,"1",NA,NA,NA,NA,NA,NA
"MUK 2018/1030/10",74,"2d",120,112500,1.3,146250,"1.4","0",0,0,0,NA,NA,NA,NA,NA,NA,1,NA,"1",NA,NA,NA,NA,NA,NA
"MUK 2018/1030/10",78,"3a",120,112500,1.3,146250,"30.7","0",0,0,0.1,NA,NA,NA,NA,1,NA,1,NA,"1",NA,NA,NA,1,"0",NA
"MUK 2018/1030/10",80,"3b",120,112500,1.3,146250,"74.6","0",0,0,0,NA,NA,NA,NA,NA,NA,1,NA,NA,NA,NA,NA,NA,NA,NA
"MUK 2018/1030/10",81,"1a",140,112500,1.3,146250,"0.4","0",0,0,0,NA,NA,NA,NA,NA,NA,1,NA,"1",NA,NA,NA,NA,NA,NA
"MUK 2018/1030/10",82,"1b",140,112500,1.3,146250,"1.4","0",0,0,0,NA,NA,NA,NA,NA,NA,1,NA,"1",NA,NA,NA,NA,NA,NA
"MUK 2018/1030/10",83,"1c",140,112500,1.3,146250,"0.2","0",0,0,0,NA,NA,NA,NA,NA,NA,1,NA,NA,NA,NA,NA,NA,NA,NA
"MUK 2018/1030/10",84,"1d",140,112500,1.3,146250,"0.1","0",0,0,0,NA,NA,NA,NA,NA,NA,1,NA,"1",NA,NA,NA,NA,NA,NA
"MUK 2018/1030/10",85,"2a",140,112500,1.3,146250,"2.1","0",0,0,1.7,NA,NA,NA,NA,1,NA,1,NA,NA,NA,NA,NA,1,"1.7",NA
"MUK 2018/1030/10",86,"2b",140,112500,1.3,146250,"2.2","0",0,0,0,NA,NA,NA,NA,NA,NA,1,NA,"1",NA,NA,NA,NA,NA,NA
"MUK 2018/1030/10",87,"2c",140,112500,1.3,146250,"1.6","0",0,0,0,NA,NA,NA,NA,NA,NA,1,NA,"1",NA,NA,NA,NA,NA,NA
"MUK 2018/1030/10",88,"2d",140,112500,1.3,146250,"20.2","0",0,0,0.4,NA,NA,NA,NA,1,NA,1,NA,NA,NA,NA,NA,1,"0.4",NA
"MUK 2018/1030/10",89,"1a",160,112500,1.3,146250,"0.3","0.4",0,0,0,NA,NA,NA,NA,NA,NA,1,NA,"1",NA,NA,NA,NA,NA,NA
"MUK 2018/1030/10",90,"1b",160,112500,1.3,146250,"0.4","0",0,0,290,NA,NA,NA,NA,1,NA,1,NA,NA,NA,NA,NA,1,"290",NA
"MUK 2018/1030/10",91,"1c",160,112500,1.3,146250,"2.9","0",0,0,0,NA,NA,NA,NA,NA,NA,1,NA,NA,NA,NA,NA,NA,NA,NA
"MUK 2018/1030/10",92,"1d",160,112500,1.3,146250,"1","0",0,0,0.1,NA,NA,NA,NA,1,NA,1,NA,"1",NA,NA,NA,1,"0",NA
"MUK 2018/1030/10",93,"2a",160,112500,1.3,146250,"1","0",0,0,0,NA,NA,NA,NA,NA,NA,1,NA,"1",NA,NA,NA,NA,NA,NA
"MUK 2018/1030/10",94,"2b",160,112500,1.3,146250,"3.8","0",0,0,0,NA,NA,NA,NA,NA,NA,1,NA,"1",NA,NA,NA,NA,NA,NA
"MUK 2018/1030/10",95,"2c",160,112500,1.3,146250,"1.5","0",0,0,0,NA,NA,NA,NA,NA,NA,1,NA,"1",NA,NA,NA,NA,NA,NA
"MUK 2018/1030/10",96,"2d",160,112500,1.3,146250,"2.5","0",0,0,13.8,NA,NA,NA,NA,1,NA,1,NA,"1",NA,NA,NA,1,"13.8",NA
"MUK 2018/1030/10",97,"1a",180,112500,1.3,146250,"1.8","0",0,0,14.8,NA,NA,NA,NA,1,NA,1,NA,NA,NA,NA,NA,1,"14.8",NA
"MUK 2018/1030/10",98,"1b",180,112500,1.3,146250,"0.3","0",0,0,8.5,NA,NA,NA,NA,1,NA,1,NA,NA,NA,NA,NA,1,"8.5",NA
"MUK 2018/1030/10",99,"1c",180,112500,1.3,146250,"0.9","0",0,0,102.3,NA,NA,NA,NA,1,NA,1,NA,"1",NA,NA,NA,2,"102.3",NA
"MUK 2018/1030/10",100,"1d",180,112500,1.3,146250,"149.6","0",0,0,0.1,NA,NA,NA,NA,1,NA,1,NA,NA,NA,NA,NA,1,"0",NA
"MUK 2018/1030/10",101,"1d",175,112500,1.3,146250,"14.8","0",0,0,0,NA,NA,NA,NA,NA,NA,1,NA,NA,NA,NA,NA,NA,NA,"Holzkohlekonzentration"
"MUK 2018/1030/10",102,"2a",180,112500,1.3,146250,"0.7","0",0,0,0.1,NA,NA,NA,NA,1,NA,1,NA,NA,NA,NA,NA,3,"0.100000000000001",NA
"MUK 2018/1030/10",103,"2b",180,112500,1.3,146250,"1.3","0.1",0,0,0,NA,NA,NA,NA,NA,NA,1,NA,"1",NA,NA,NA,NA,NA,NA
"MUK 2018/1030/10",104,"2c",180,112500,1.3,146250,"0.1","0",0,0,0,NA,NA,NA,NA,NA,NA,1,NA,"1",NA,NA,NA,NA,NA,NA
"MUK 2018/1030/10",105,"2d",180,112500,1.3,146250,"17.6","0",0,0,0,NA,NA,NA,NA,1,NA,1,NA,NA,NA,NA,NA,0,"0","Verfärbung in Doku DS; Kortex Rest verworfen"
"MUK 2018/1030/10",106,"1a",200,112500,1.3,146250,"0","0",0,0,0.1,NA,NA,NA,NA,1,NA,NA,NA,"1",NA,NA,NA,2,"0",NA
"MUK 2018/1030/10",107,"1b",200,112500,1.3,146250,"0.2","0",0,0,0.1,NA,NA,NA,NA,1,NA,1,NA,"1",NA,NA,NA,1,"0",NA
"MUK 2018/1030/10",108,"1c",200,112500,1.3,146250,"1.2","0",0,0,0.1,NA,NA,NA,NA,1,NA,1,NA,"1",NA,NA,NA,2,"0",NA
"MUK 2018/1030/10",109,"1d",200,112500,1.3,146250,"3.6","0",0,0,0,NA,NA,NA,NA,NA,NA,1,NA,"1",NA,NA,NA,NA,NA,"Im oberen Teil Anschluss an 101 HK-Konzentration"
"MUK 2018/1030/10",110,"2a",200,112500,1.3,146250,"4.9","0",0,0,0.1,NA,NA,NA,NA,1,NA,1,NA,NA,NA,NA,NA,5,"0","Kortex"
"MUK 2018/1030/10",111,"2b",200,112500,1.3,146250,"0.7","0",0,0,0,NA,NA,NA,NA,NA,NA,1,NA,"1",NA,NA,NA,NA,NA,NA
"MUK 2018/1030/10",112,"1a",220,112500,1.3,146250,"0","0",0,0,0.1,NA,NA,NA,NA,1,NA,NA,NA,NA,NA,NA,NA,3,"0",NA
"MUK 2018/1030/10",113,"1b",220,112500,1.3,146250,"0.3","0",0,0,0.9,NA,NA,NA,NA,1,NA,1,NA,"1",NA,NA,NA,7,"0.9",NA
"MUK 2018/1030/10",114,"1c",220,112500,1.3,146250,"0.4","0",0,0,0.1,NA,NA,NA,NA,1,NA,1,NA,"1",NA,NA,NA,2,"0",NA
"MUK 2018/1030/10",115,"1d",220,112500,1.3,146250,"0","0",0,0,0.1,NA,NA,NA,NA,1,NA,NA,NA,"1",NA,NA,NA,2,"0",NA
"MUK 2018/1030/10",116,"2a",220,112500,1.3,146250,"0","0",0,0,1.2,NA,NA,NA,NA,1,NA,NA,NA,NA,NA,NA,NA,8,"1.2",NA
"MUK 2018/1030/10",117,"2b",220,112500,1.3,146250,"0.1","0",0,0,0.1,NA,NA,NA,NA,1,NA,1,NA,NA,NA,NA,NA,3,"0","2x Kortex"
"MUK 2018/1030/10",118,"1a",240,112500,1.3,146250,"0.4","0",0,0,0.4,NA,NA,NA,NA,1,NA,1,NA,NA,NA,NA,NA,4,"0.4",NA
"MUK 2018/1030/10",119,"1b",240,112500,1.3,146250,"0.1","0.1",0,0,0.1,NA,NA,NA,NA,1,NA,1,NA,NA,NA,NA,NA,1,"0",NA
"MUK 2018/1030/10",120,"1c",240,112500,1.3,146250,"0","0",0,0,0.1,NA,NA,NA,NA,1,NA,NA,NA,"1",NA,NA,NA,1,"0",NA
"MUK 2018/1030/10",121,"1d",240,112500,1.3,146250,"0.2","0",0,0,0.5,NA,NA,NA,NA,1,NA,1,NA,"1",NA,NA,NA,4,"0.5",NA
"MUK 2018/1030/10",122,"2a",240,112500,1.3,146250,"0.1","0",0,0,0.1,NA,NA,NA,NA,1,NA,1,NA,NA,NA,NA,NA,7,"0",NA
"MUK 2018/1030/10",123,"2b",240,112500,1.3,146250,"0.2","0.1",0,0,8.1,NA,NA,NA,NA,1,NA,1,NA,NA,NA,NA,NA,5,"8.1",NA
"MUK 2018/1030/10",124,"1a",260,112500,1.3,146250,"0.1","0",0,0,0.1,NA,NA,NA,NA,1,NA,1,NA,NA,NA,NA,NA,5,"0","3x Kortex"
"MUK 2018/1030/10",125,"1b",260,112500,1.3,146250,"0.1","0.1",0,0,0.1,NA,NA,NA,NA,1,NA,1,NA,NA,NA,NA,NA,5,"0",NA
"MUK 2018/1030/10",126,"1c",260,112500,1.3,146250,"0.2","0",0,0,1.1,NA,NA,NA,NA,1,NA,1,NA,NA,NA,NA,NA,9,"1.1",NA
"MUK 2018/1030/10",127,"1d",260,112500,1.3,146250,"0.7","0",0,0,0.9,NA,NA,NA,NA,1,NA,1,NA,"1",NA,NA,NA,5,"0.9",NA
"MUK 2018/1030/10",128,"1a",280,112500,1.3,146250,"0","0.2",0,0,0.1,NA,NA,NA,NA,1,NA,1,NA,NA,NA,NA,NA,2,"0",NA
"MUK 2018/1030/10",129,"1b",280,112500,1.3,146250,"0.1","0",0,0,8.3,NA,NA,NA,NA,1,NA,1,NA,"1",NA,NA,NA,6,"8.3","""Brandlehm"" eigentlich Mineralkonzentration?"
"MUK 2018/1030/10",130,"1c",280,112500,1.3,146250,"0.4","0",0,0,0.4,NA,NA,NA,NA,1,NA,1,NA,"1",NA,NA,NA,8,"0.4",NA
"MUK 2018/1030/10",131,"1d",280,112500,1.3,146250,"0.2","0",0,0,0.3,NA,NA,NA,NA,1,NA,1,NA,NA,NA,NA,NA,8,"0.3",NA
"MUK 2018/1030/10",132,"1a",300,112500,1.3,146250,"0.1","0",0,0,0.4,NA,NA,NA,NA,1,NA,1,NA,"1",NA,NA,NA,10,"0.4",NA
"MUK 2018/1030/10",133,"1b",300,112500,1.3,146250,"1.5","0",0,0,5.4,NA,NA,NA,NA,1,NA,1,NA,NA,NA,NA,NA,7,"5.4",NA
"MUK 2018/1030/10",134,"1c",300,112500,1.3,146250,"0.4","0",0,0,62.8,NA,NA,NA,NA,1,NA,1,NA,NA,NA,NA,NA,11,"62.8",NA
"MUK 2018/1030/10",135,"1d",300,112500,1.3,146250,"42.6","0",0,0,14.9,NA,NA,NA,NA,1,NA,1,NA,"1",NA,NA,NA,23,"14.9",NA
"MUK 2018/1030/10",136,"1a",320,112500,1.3,146250,"0.2","0.1",0,0,16.5,NA,NA,NA,NA,1,NA,1,NA,"1",NA,NA,NA,24,"16.5",NA
"MUK 2018/1030/10",137,"1b",320,112500,1.3,146250,"0.1","0.1",0,0,58.7,NA,NA,NA,NA,1,NA,1,NA,"1",NA,NA,NA,29,"58.7","""Brandlehm""??? // Verfärbung"
"MUK 2018/1030/10",138,"1a",340,112500,1.3,146250,"0.8","0.1",0,0,4.1,NA,NA,NA,NA,1,NA,1,NA,"1",NA,NA,NA,61,"4.1",NA
"MUK 2018/1030/10",139,"1b",340,112500,1.3,146250,"0.1","0",0,0,0.7,NA,NA,NA,NA,1,NA,1,NA,NA,NA,NA,NA,16,"0.7",NA
"MUK 2018/1030/10",143,"1a",360,112500,1.3,146250,"0.3","0",0,0,83.9,NA,NA,NA,NA,1,NA,1,NA,NA,NA,NA,NA,47,">83,9",NA
"MUK 2018/1030/10",144,"1b",360,112500,1.3,146250,"3","0",0,0,2.2,NA,NA,NA,NA,1,NA,1,NA,"1",NA,NA,NA,28,"2.2",NA
"MUK 2018/1030/10",160,"1a",380,1570.7963267949,1.3,2042.03522483337,"0","0",0,0,0,NA,NA,NA,NA,NA,NA,NA,NA,NA,1,NA,NA,NA,NA,NA
"MUK 2018/1030/10",161,"1a",400,1570.7963267949,1.3,2042.03522483337,"0","0",0,0,1,NA,NA,NA,NA,1,NA,NA,NA,NA,NA,NA,NA,9,"1",NA
"MUK 2018/1030/10",162,"1a",420,1570.7963267949,1.3,2042.03522483337,"0","0",0,0,0,NA,NA,NA,NA,NA,NA,NA,NA,NA,1,NA,NA,NA,NA,NA
"MUK 2018/1030/10",163,"1a",440,1570.7963267949,1.3,2042.03522483337,"0.1","0",0,0,0,NA,NA,NA,NA,NA,NA,1,NA,NA,NA,NA,NA,NA,NA,NA
"MUK 2018/1030/10",164,"1a",460,1570.7963267949,1.3,2042.03522483337,"0","0",0,0,0,NA,NA,NA,NA,NA,NA,NA,NA,NA,1,NA,NA,NA,NA,NA
"MUK 2018/1030/10",165,"1a",480,1570.7963267949,1.3,2042.03522483337,"0.1","0",0,0,0.7,NA,NA,NA,NA,1,NA,1,NA,NA,NA,NA,NA,0,"0.7","Kortex"
"MUK 2018/1030/10",166,"1a",500,1570.7963267949,1.3,2042.03522483337,"0","0",0,0,0,NA,NA,NA,NA,NA,NA,NA,NA,NA,1,NA,NA,NA,NA,NA
"MUK 2018/1030/10",167,"1a",520,1570.7963267949,1.3,2042.03522483337,"0","0",0,0,0.1,NA,NA,NA,NA,1,NA,NA,NA,NA,NA,NA,NA,1,"0","0,9g Kortex"
"MUK 2018/1030/10",168,"1a",540,1570.7963267949,1.3,2042.03522483337,"0","0",0,0,0,NA,NA,NA,NA,NA,NA,NA,NA,NA,1,NA,NA,NA,NA,NA
"MUK 2018/1030/10",169,"1a",560,1570.7963267949,1.3,2042.03522483337,"0.1","0",0,0,0.1,NA,NA,NA,NA,1,NA,1,NA,NA,NA,NA,NA,0,"0","Kortex"
"MUK 2018/1030/10",170,"1a",580,1570.7963267949,1.3,2042.03522483337,"0","0",0,0,0,NA,NA,NA,NA,NA,NA,NA,NA,NA,1,NA,NA,NA,NA,NA
"MUK 2018/1030/10",171,"1a",600,1570.7963267949,1.3,2042.03522483337,"0","0",0,0,0.1,NA,NA,NA,NA,1,NA,NA,NA,NA,NA,NA,NA,0,"0","Kortex"
"MUK 2018/1030/10",172,"1a",620,1570.7963267949,1.3,2042.03522483337,"0","0",0,0,0,NA,NA,NA,NA,NA,NA,NA,NA,NA,1,NA,NA,NA,NA,NA
"MUK 2018/1030/10",173,"1a",640,1570.7963267949,1.3,2042.03522483337,"0","0",0,0,0.1,NA,NA,NA,NA,1,NA,NA,NA,NA,NA,NA,NA,0,"0","Kortex"
"MUK 2018/1030/10",174,"1a",660,1570.7963267949,1.3,2042.03522483337,"0","0",0,0,0,NA,NA,NA,NA,NA,NA,NA,NA,NA,1,NA,NA,NA,NA,NA
"MUK 2018/1030/10",175,"1b",380,1570.7963267949,1.3,2042.03522483337,"0","0",0,0,0.1,NA,NA,NA,NA,1,NA,NA,NA,NA,NA,NA,NA,1,"0",NA
"MUK 2018/1030/10",176,"1b",400,1570.7963267949,1.3,2042.03522483337,"0","0",0,0,24.1,NA,NA,NA,NA,1,NA,NA,NA,NA,1,NA,NA,6,"24.1",NA
"MUK 2018/1030/10",177,"1b",420,1570.7963267949,1.3,2042.03522483337,"0.1","0",0,0,0.4,NA,NA,NA,NA,1,NA,1,NA,NA,NA,NA,NA,2,"0.4",NA
"MUK 2018/1030/10",178,"1b",440,1570.7963267949,1.3,2042.03522483337,"0","0",0,0,0,NA,NA,NA,NA,NA,NA,NA,NA,NA,1,NA,NA,NA,NA,NA
"MUK 2018/1030/10",179,"1b",460,1570.7963267949,1.3,2042.03522483337,"0.1","0",0,0,1,NA,NA,NA,NA,1,NA,1,NA,NA,NA,NA,NA,2,"1","0,5g Kortex"
"MUK 2018/1030/10",180,"1b",480,1570.7963267949,1.3,2042.03522483337,"0","0",0,0,0,NA,NA,NA,NA,NA,NA,NA,NA,NA,1,NA,NA,NA,NA,NA
"MUK 2018/1030/10",181,"1b",500,1570.7963267949,1.3,2042.03522483337,"0","0",0,0,0.1,NA,NA,NA,NA,1,NA,NA,NA,NA,NA,NA,NA,0,"0","Kortex"
"MUK 2018/1030/10",182,"1b",520,1570.7963267949,1.3,2042.03522483337,"0","0",0,0,0,NA,NA,NA,NA,NA,NA,NA,NA,NA,1,NA,NA,NA,NA,NA
"MUK 2018/1030/10",183,"1b",540,1570.7963267949,1.3,2042.03522483337,"0.1","0",0,0,0.1,NA,NA,NA,NA,1,NA,1,NA,NA,NA,NA,NA,1,"0","0,6g Kortex"
"MUK 2018/1030/10",184,"1b",560,1570.7963267949,1.3,2042.03522483337,"0","0",0,0,0,NA,NA,NA,NA,NA,NA,NA,NA,NA,1,NA,NA,NA,NA,NA
"MUK 2018/1030/10",185,"1b",580,1570.7963267949,1.3,2042.03522483337,"0","0",0,0,0.5,NA,NA,NA,NA,1,NA,NA,NA,"?",NA,NA,NA,0,"0.5","Kortex und Mineralkonkrat"
"MUK 2018/1030/10",186,"1b",600,1570.7963267949,1.3,2042.03522483337,"0","0",0,0,0,NA,NA,NA,NA,NA,NA,NA,NA,NA,1,NA,NA,NA,NA,NA
"MUK 2018/1030/10",187,"1b",620,1570.7963267949,1.3,2042.03522483337,"0","0",0,0,0.1,NA,NA,NA,NA,1,NA,NA,NA,NA,NA,NA,NA,0,"0","Kortex"
"MUK 2018/1030/10",188,"1b",640,1570.7963267949,1.3,2042.03522483337,"0","0",0,0,0,NA,NA,NA,NA,NA,NA,NA,NA,NA,1,NA,NA,NA,NA,NA
"MUK 2018/1030/10",189,"1b",660,1570.7963267949,1.3,2042.03522483337,"0.1","0",0,0,0.1,NA,NA,NA,NA,1,NA,1,NA,NA,NA,NA,NA,5,"0","3 Stück Kortex"
"MUK 2018/1030/10",142,"1b",340,112500,1.3,146250,"0.1","0",0,0,0.1,NA,NA,NA,NA,1,NA,1,NA,NA,NA,NA,NA,1,"0","Aus Verfärbung (Aktivitaet -137 bis -142)"
"MUK 2018/1030/10",190,"1a/1b",140,NA,NA,NA,"0","0",0,NA,NA,NA,NA,NA,NA,NA,NA,NA,NA,NA,1,NA,NA,NA,NA,NA
"MUK 2018/1030/10",191,"1a/1b",120,NA,NA,NA,"0","0",0,NA,NA,NA,NA,NA,NA,NA,NA,NA,NA,NA,1,NA,NA,NA,NA,NA
"MUK 2018/1030/10",192,"1a/1b",100,NA,NA,NA,"0","0",0,NA,NA,NA,NA,NA,NA,NA,NA,NA,NA,NA,1,NA,NA,NA,NA,NA
"MUK 2018/1030/10",193,"1a/1b",80,NA,NA,NA,"0","0",0,NA,NA,NA,NA,NA,NA,NA,NA,NA,NA,NA,1,NA,NA,NA,NA,NA
"MUK 2018/1030/10",194,"1a/1b",60,NA,NA,NA,"0","0",0,NA,NA,NA,NA,NA,NA,NA,NA,NA,NA,NA,1,NA,NA,NA,NA,NA
"MUK 2018/1030/10",195,"1a/1b",40,NA,NA,NA,"0","0",0,NA,NA,NA,NA,NA,NA,NA,NA,NA,NA,NA,1,NA,NA,NA,NA,NA
"MUK 2018/1030/10",196,"1a/1b",20,NA,NA,NA,"0","0",0,NA,NA,NA,NA,NA,NA,NA,NA,NA,NA,NA,1,NA,NA,NA,NA,NA
"MUK 2018/1030/10",149,"1a/1b",360,NA,NA,NA,"0","0",0,NA,NA,NA,NA,NA,NA,NA,NA,NA,NA,NA,1,NA,NA,NA,NA,NA
"MUK 2018/1030/10",150,"1a/1b",340,NA,NA,NA,"0","0",0,NA,NA,NA,NA,NA,NA,NA,NA,NA,NA,NA,1,NA,NA,NA,NA,NA
"MUK 2018/1030/10",151,"1a/1b",320,NA,NA,NA,"0","0",0,NA,NA,NA,NA,NA,NA,NA,NA,NA,NA,NA,1,NA,NA,NA,NA,NA
"MUK 2018/1030/10",152,"1a/1b",300,NA,NA,NA,"0","0",0,NA,NA,NA,NA,NA,NA,NA,NA,NA,NA,NA,1,NA,NA,NA,NA,NA
"MUK 2018/1030/10",153,"1a/1b",280,NA,NA,NA,"0","0",0,NA,NA,NA,NA,NA,NA,NA,NA,NA,NA,NA,1,NA,NA,NA,NA,NA
"MUK 2018/1030/10",154,"1a/1b",260,NA,NA,NA,"0","0",0,NA,NA,NA,NA,NA,NA,NA,NA,NA,NA,NA,1,NA,NA,NA,NA,NA
"MUK 2018/1030/10",155,"1a/1b",240,NA,NA,NA,"0","0",0,NA,NA,NA,NA,NA,NA,NA,NA,NA,NA,NA,1,NA,NA,NA,NA,NA
"MUK 2018/1030/10",156,"1a/1b",220,NA,NA,NA,"0","0",0,NA,NA,NA,NA,NA,NA,NA,NA,NA,NA,NA,1,NA,NA,NA,NA,NA
"MUK 2018/1030/10",157,"1a/1b",200,NA,NA,NA,"0","0",0,NA,NA,NA,NA,NA,NA,NA,NA,NA,NA,NA,1,NA,NA,NA,NA,NA
"MUK 2018/1030/10",158,"1a/1b",180,NA,NA,NA,"0","0",0,NA,NA,NA,NA,NA,NA,NA,NA,NA,NA,NA,1,NA,NA,NA,NA,NA
"MUK 2018/1030/10",159,"1a/1b",160,NA,NA,NA,"0","0",0,NA,NA,NA,NA,NA,NA,NA,NA,NA,NA,NA,1,NA,NA,NA,NA,NA
