"SQUARE","Z..m.","DEPTH","N","Num√©ro.EBS"
NA,NA,NA,NA,"52971"
NA,NA,NA,NA,"52972"
"D",-1.63,NA,NA,"55456"
"H-L",-1.7,NA,NA,"55457"
"H-L",-1.7,NA,NA,"55458"
"D-M",-1.85,NA,NA,"55459"
"G",-1.87,NA,NA,"55460"
"C-L",-1.88,NA,NA,"55461"
"C-L",-1.88,NA,NA,"55462"
"C-L",-1.88,NA,NA,"55463"
"H-I",-1.93,NA,NA,"55464"
"D",-1.99,NA,NA,"55465"
"D-M",-2.08,NA,NA,"55466"
"I",-2.02,NA,NA,"55467"
"x",-1.09,NA,NA,"60775"
"x",-1.66,NA,NA,"60732"
"x",-1.66,NA,NA,"60733"
"F",-1.99,NA,NA,"55471"
"F",-2.02,NA,NA,"55472"
NA,NA,NA,NA,"55473"
NA,NA,130,NA,"55474"
"x",-1.74,NA,NA,"60738"
"x",-1.85,NA,NA,"62368"
"x",-1.93,NA,NA,"60623"
"x",-1.94,NA,NA,"62369"
"x",-1.95,NA,NA,"62370"
NA,NA,NA,NA,"58921"
NA,NA,NA,NA,"58922"
NA,NA,NA,NA,"58923"
NA,NA,NA,NA,"58924"
NA,NA,NA,NA,"58925"
NA,NA,NA,NA,"58926"
NA,NA,NA,NA,"58927"
NA,NA,NA,NA,"58928"
NA,NA,NA,NA,"58929"
NA,NA,NA,NA,"58930"
NA,NA,NA,NA,"58931"
NA,NA,NA,NA,"58932"
NA,NA,NA,NA,"58933"
NA,NA,NA,NA,"58934"
NA,NA,NA,NA,"58935"
NA,NA,NA,NA,"58936"
NA,NA,NA,NA,"58937"
NA,NA,NA,NA,"58938"
NA,NA,NA,NA,"58939"
NA,NA,NA,NA,"58940"
NA,NA,NA,NA,"58941"
NA,NA,NA,NA,"58942"
NA,NA,NA,NA,"58943"
NA,NA,NA,NA,"58944"
NA,NA,NA,NA,"58945"
NA,NA,NA,NA,"58946"
NA,NA,NA,NA,"58947"
NA,NA,NA,NA,"58948"
NA,NA,NA,NA,"58949"
NA,NA,NA,NA,"58950"
NA,NA,NA,NA,"58951"
NA,NA,NA,NA,"58952"
NA,NA,NA,NA,"58953"
NA,NA,NA,NA,"58954"
NA,NA,NA,NA,"58955"
NA,NA,NA,NA,"58956"
NA,NA,NA,NA,"58957"
NA,NA,NA,NA,"58958"
NA,NA,NA,NA,"58959"
NA,NA,NA,NA,"58960"
NA,NA,NA,NA,"58961"
NA,NA,NA,NA,"58962"
NA,NA,NA,NA,"58963"
NA,NA,NA,NA,"58964"
NA,NA,NA,NA,"58965"
NA,NA,NA,NA,"58966"
NA,NA,NA,NA,"58967"
NA,NA,NA,NA,"58968"
NA,NA,NA,NA,"58969"
NA,NA,NA,NA,"58970"
NA,NA,NA,NA,"58971"
NA,NA,NA,NA,"58972"
NA,NA,NA,NA,"58973"
NA,NA,NA,NA,"58974"
NA,NA,NA,NA,"58975"
NA,NA,NA,NA,"58976"
NA,NA,NA,NA,"58977"
NA,NA,NA,NA,"58978"
NA,NA,NA,NA,"58979"
NA,NA,NA,NA,"58980"
NA,NA,NA,NA,"58981"
NA,NA,NA,NA,"58982"
NA,NA,NA,NA,"58983"
NA,NA,NA,NA,"58984"
NA,NA,NA,NA,"58985"
NA,NA,NA,NA,"58986"
NA,NA,NA,NA,"58987"
NA,NA,NA,NA,"58988"
NA,NA,NA,NA,"58989"
NA,NA,NA,NA,"58990"
NA,NA,NA,NA,"58991"
NA,NA,NA,NA,"58992"
NA,NA,NA,NA,"58993"
NA,NA,NA,NA,"58994"
NA,NA,NA,NA,"58995"
NA,NA,NA,NA,"58996"
NA,NA,NA,NA,"58997"
NA,NA,NA,NA,"58998"
NA,NA,NA,NA,"58999"
NA,NA,NA,NA,"59000"
NA,NA,NA,NA,"59001"
NA,NA,NA,NA,"59002"
NA,NA,NA,NA,"59003"
NA,NA,NA,NA,"59004"
NA,NA,NA,NA,"59005"
NA,NA,NA,NA,"59006"
NA,NA,NA,NA,"59007"
NA,NA,NA,NA,"59008"
NA,NA,NA,NA,"59009"
NA,NA,NA,NA,"59010"
NA,NA,NA,NA,"59011"
NA,NA,NA,NA,"59012"
NA,NA,NA,NA,"59013"
NA,NA,NA,NA,"59014"
NA,NA,NA,NA,"59015"
NA,NA,NA,NA,"59016"
NA,NA,NA,NA,"59017"
NA,NA,NA,NA,"59018"
NA,NA,NA,NA,"59019"
NA,NA,NA,NA,"59020"
NA,NA,NA,NA,"59021"
NA,NA,NA,NA,"59022"
NA,NA,NA,NA,"59023"
NA,NA,NA,NA,"59024"
NA,NA,NA,NA,"59025"
NA,NA,NA,NA,"59026"
NA,NA,NA,NA,"59027"
NA,NA,NA,NA,"59028"
NA,NA,NA,NA,"59029"
NA,NA,NA,NA,"59030"
NA,NA,NA,NA,"59031"
NA,NA,NA,NA,"59032"
NA,NA,NA,NA,"59033"
NA,NA,NA,NA,"59034"
NA,NA,NA,NA,"59035"
NA,NA,NA,NA,"59036"
NA,NA,NA,NA,"59037"
NA,NA,NA,NA,"59038"
NA,NA,NA,NA,"59040"
NA,NA,NA,NA,"59041"
NA,NA,NA,NA,"59042"
NA,NA,NA,NA,"59043"
NA,NA,NA,NA,"59044"
NA,NA,NA,NA,"59045"
NA,NA,NA,NA,"59046"
NA,NA,NA,NA,"59047"
NA,NA,NA,NA,"59048"
NA,NA,NA,NA,"59001"
NA,NA,NA,NA,"59049"
NA,NA,NA,NA,"59050"
NA,NA,NA,NA,"59051"
NA,NA,NA,NA,"59052"
NA,NA,NA,NA,"59053"
NA,NA,NA,NA,"59054"
NA,NA,NA,NA,"59055"
NA,NA,NA,NA,"59056"
NA,NA,NA,NA,"59057"
NA,NA,NA,NA,"59058"
NA,NA,NA,NA,"59059"
NA,NA,NA,NA,"59060"
NA,NA,NA,NA,"59061"
NA,NA,NA,NA,"59062"
NA,NA,NA,NA,"59063"
NA,NA,NA,NA,"59064"
NA,NA,NA,NA,"59065"
NA,NA,NA,NA,"59066"
NA,NA,NA,NA,"59067"
NA,NA,NA,NA,"59068"
NA,NA,NA,NA,"59069"
NA,NA,NA,NA,"59070"
NA,NA,NA,NA,"59071"
NA,NA,NA,NA,"59072"
NA,NA,NA,NA,"59073"
NA,NA,NA,NA,"59074"
NA,NA,NA,NA,"59075"
NA,NA,NA,NA,"59076"
NA,NA,NA,NA,"59077"
NA,NA,NA,NA,"59078"
NA,NA,NA,NA,"59079"
NA,NA,NA,NA,"59080"
NA,NA,NA,NA,"59081"
NA,NA,NA,NA,"59082"
NA,NA,NA,NA,"59083"
NA,NA,NA,NA,"59084"
NA,NA,NA,NA,"59085"
NA,NA,NA,NA,"59086"
NA,NA,NA,NA,"59087"
NA,NA,NA,NA,"59088"
NA,NA,NA,NA,"59089"
NA,NA,NA,NA,"59090"
NA,NA,NA,NA,"59091"
NA,NA,NA,NA,"59092"
NA,NA,NA,NA,"59093"
NA,NA,NA,NA,"59094"
NA,NA,NA,NA,"59095"
NA,NA,NA,NA,"59096"
NA,NA,NA,NA,"59097"
NA,NA,NA,NA,"59098"
NA,NA,NA,NA,"59099"
NA,NA,NA,NA,"59100"
NA,NA,NA,NA,"59101"
NA,NA,NA,NA,"59102"
NA,NA,NA,NA,"59103"
NA,NA,NA,NA,"59104"
NA,NA,NA,NA,"59105"
NA,NA,NA,NA,"59106"
NA,NA,NA,NA,"59107"
NA,NA,NA,NA,"59108"
NA,NA,NA,NA,"59109"
NA,NA,NA,NA,"59110"
NA,NA,NA,NA,"59111"
NA,NA,NA,NA,"59112"
NA,NA,NA,NA,"59113"
NA,NA,NA,NA,"59114"
NA,NA,NA,NA,"59115"
NA,NA,NA,NA,"59116"
NA,NA,NA,NA,"59117"
NA,NA,NA,NA,"59118"
NA,NA,NA,NA,"59119"
NA,NA,NA,NA,"59120"
NA,NA,NA,NA,"59121"
NA,NA,NA,NA,"59122"
NA,NA,NA,NA,"59123"
NA,NA,NA,NA,"59124"
NA,NA,NA,NA,"59125"
NA,NA,NA,NA,"59126"
NA,NA,NA,NA,"59127"
NA,NA,NA,NA,"59128"
NA,NA,NA,NA,"59129"
NA,NA,NA,NA,"59130"
NA,NA,NA,NA,"59131"
NA,NA,NA,NA,"59132"
NA,NA,NA,NA,"59133"
NA,NA,NA,NA,"59134"
NA,NA,NA,NA,"59135"
NA,NA,NA,NA,"59136"
NA,NA,NA,NA,"59137"
NA,NA,NA,NA,"59138"
NA,NA,NA,NA,"59139"
NA,NA,NA,NA,"59140"
NA,NA,NA,NA,"59141"
NA,NA,NA,NA,"59142"
NA,NA,NA,NA,"59143"
NA,NA,NA,NA,"59144"
NA,NA,NA,NA,"59145"
NA,NA,NA,NA,"59146"
NA,NA,NA,NA,"59147"
NA,NA,NA,NA,"59148"
NA,NA,NA,NA,"59149"
NA,NA,NA,NA,"59150"
NA,NA,NA,NA,"59151"
NA,NA,NA,NA,"59152"
NA,NA,NA,NA,"59153"
NA,NA,NA,NA,"59154"
NA,NA,NA,NA,"59155"
NA,NA,NA,NA,"59156"
NA,NA,NA,NA,"59157"
NA,NA,NA,NA,"59158"
NA,NA,NA,NA,"59159"
NA,NA,NA,NA,"59160"
NA,NA,NA,NA,"59161"
NA,NA,NA,NA,"59162"
NA,NA,NA,NA,"59163"
NA,NA,NA,NA,"59164"
NA,NA,NA,NA,"59165"
NA,NA,NA,NA,"59166"
NA,NA,NA,NA,"59167"
NA,NA,NA,NA,"59168"
NA,NA,NA,NA,"59169"
NA,NA,NA,NA,"59170"
NA,NA,NA,NA,"59171"
NA,NA,NA,NA,"59172"
NA,NA,NA,NA,"59172A"
NA,NA,NA,NA,"59173"
NA,NA,NA,NA,"59174"
NA,NA,NA,NA,"59175"
NA,NA,NA,NA,"59176"
NA,NA,NA,NA,"59177"
NA,NA,NA,NA,"59178"
NA,NA,NA,NA,"59178"
NA,NA,NA,NA,"59180"
NA,NA,NA,NA,"59181"
NA,NA,NA,NA,"59182"
NA,NA,NA,NA,"59183"
NA,NA,NA,NA,"59184"
NA,NA,NA,NA,"59185"
NA,NA,NA,NA,"59186"
NA,NA,NA,NA,"59187"
NA,NA,NA,NA,"59188"
NA,NA,NA,NA,"59189"
NA,NA,NA,NA,"59189A"
NA,NA,NA,NA,"59190"
NA,NA,NA,NA,"59191"
NA,NA,NA,NA,"59192"
NA,NA,NA,NA,"59193"
NA,NA,NA,NA,"59194"
NA,NA,NA,NA,"59195"
NA,NA,NA,NA,"59196"
NA,NA,NA,NA,"59197"
NA,NA,NA,NA,"59198"
NA,NA,NA,NA,"59199"
NA,NA,NA,NA,"59200"
NA,NA,NA,NA,"59201"
NA,NA,NA,NA,"59202"
NA,NA,NA,NA,"59203"
NA,NA,NA,NA,"59204"
NA,NA,NA,NA,"59205"
NA,NA,NA,NA,"59206"
NA,NA,NA,NA,"59207"
NA,NA,NA,NA,"59208"
NA,NA,NA,NA,"59209"
NA,NA,NA,NA,"59210"
NA,NA,NA,NA,"59211"
NA,NA,NA,NA,"59212"
NA,NA,NA,NA,"59213"
NA,NA,NA,NA,"59214"
NA,NA,NA,NA,"59215"
NA,NA,NA,NA,"59216"
NA,NA,NA,NA,"59217"
NA,NA,NA,NA,"59218"
NA,NA,NA,NA,"59219"
NA,NA,NA,NA,"59220"
NA,NA,NA,NA,"59221"
NA,NA,NA,NA,"59222"
NA,NA,NA,NA,"59223"
NA,NA,NA,NA,"59224"
NA,NA,NA,NA,"59225"
NA,NA,NA,NA,"59226"
NA,NA,NA,NA,"59227"
NA,NA,NA,NA,"59228"
NA,NA,NA,NA,"59229"
NA,NA,NA,NA,"59230"
NA,NA,NA,NA,"59231"
NA,NA,NA,NA,"59232"
NA,NA,NA,NA,"59233"
NA,NA,NA,NA,"59234"
NA,NA,NA,NA,"59235"
NA,NA,NA,NA,"59236"
NA,NA,NA,NA,"59237"
NA,NA,NA,NA,"59238"
NA,NA,NA,NA,"59239"
NA,NA,NA,NA,"59240"
NA,NA,NA,NA,"59241"
NA,NA,NA,NA,"59242"
NA,NA,NA,NA,"59243"
NA,NA,NA,NA,"59244"
NA,NA,NA,NA,"59245"
NA,NA,NA,NA,"59246"
NA,NA,NA,NA,"59247"
NA,NA,NA,NA,"59248"
NA,NA,NA,NA,"59249"
NA,NA,NA,NA,"59250"
NA,NA,NA,NA,"59251"
NA,NA,NA,NA,"59252"
NA,NA,NA,NA,"59253"
NA,NA,NA,NA,"59254"
NA,NA,NA,NA,"59255"
NA,NA,NA,NA,"59256"
NA,NA,NA,NA,"59257"
NA,NA,NA,NA,"59258"
NA,NA,NA,NA,"59259"
NA,NA,NA,NA,"59260"
NA,NA,NA,NA,"59261"
NA,NA,NA,NA,"59262"
NA,NA,NA,NA,"59263"
NA,NA,NA,NA,"59264"
NA,NA,NA,NA,"59265"
NA,NA,NA,NA,"59266"
NA,NA,NA,NA,"59267"
NA,NA,NA,NA,"59268"
NA,NA,NA,NA,"59269"
NA,NA,NA,NA,"59270"
NA,NA,NA,NA,"59271"
NA,NA,NA,NA,"59272"
NA,NA,NA,NA,"59273"
NA,NA,NA,NA,"59274"
NA,NA,NA,NA,"59275"
NA,NA,NA,NA,"59276"
NA,NA,NA,NA,"59277"
NA,NA,NA,NA,"59278"
NA,NA,NA,NA,"59279"
NA,NA,NA,NA,"59280"
NA,NA,NA,NA,"59281"
NA,NA,NA,NA,"60542"
NA,NA,NA,NA,"60543"
NA,NA,NA,NA,"60544"
NA,NA,NA,NA,"60545"
NA,NA,NA,NA,"60546"
NA,NA,NA,NA,"60546"
NA,NA,NA,NA,"60547"
"H-I",-1.5,NA,3,"60548"
"G",-1.6,114,NA,"60549"
"G",-1.65,119,NA,"60550"
"H-I",-1.7,NA,3,"60551"
"D-E",-1.81,NA,NA,"60552"
"N",-1.83,NA,NA,"60553"
"H-I",-1.89,NA,4,"60554"
"N",-1.27,80,2,"60555"
NA,NA,NA,NA,"60556"
NA,NA,NA,NA,"60557"
"N",-1.41,110,3,"60558"
"N",-1.47,100,7,"60559"
NA,NA,NA,NA,"60560"
"H",-1.52,98,NA,"60561"
"H-I",-1.59,117,NA,"60562"
"D",-1.61,130,9,"60563"
"D",-1.63,132,11,"60564"
"D",-1.73,132,NA,"55456"
"M",NA,85,NA,"62480"
"D",-1.69,138,5,"60566"
"F",-1.72,NA,NA,"60567"
NA,NA,NA,NA,"60568"
"D",-1.73,137,4,"60569"
"F",-1.73,141,NA,"55472"
"N",-1.42,95,NA,"60570"
"N",-1.47,100,NA,"60571"
"N",-1.55,108,NA,"60572"
"N",-1.65,118,NA,"60573"
"N",-1.64,117,NA,"60574"
"N",-1.72,125,NA,"60575"
"N",-1.73,126,NA,"60576"
"N",-1.73,126,NA,"60577"
"N",-1.74,127,NA,"60578"
"N",-1.76,129,NA,"60579"
"N",-1.73,126,NA,"60580"
"N",-1.77,130,NA,"60581"
"N",-1.78,131,2,"60582"
"N",-1.75,NA,2,"60583"
"N",-1.77,NA,NA,"60584"
"N",-1.75,NA,NA,"60585"
"N",-1.73,NA,2,"60586"
"N",-1.75,NA,NA,"60587"
"N",-1.73,NA,2,"60588"
"N",-1.75,NA,2,"60589"
"N",-1.77,NA,NA,"60590"
"N",-1.74,NA,NA,"60591"
"N",-1.77,NA,NA,"60592"
"N",-1.78,NA,2,"60593"
"N",-1.77,NA,NA,"60594"
"D",-1.78,147,4,"60595"
"E",-1.78,145,17,"60596"
"D-E",-1.8,145,6,"60597"
"D",-1.8,NA,4,"60598"
"D",-1.81,NA,12,"60599"
"G",-1.82,NA,NA,"55460"
"E-F",-1.87,NA,NA,"60600"
"F",NA,NA,NA,"60601"
"F-J",-1.87,NA,3,"60602"
"D-M",-1.87,NA,NA,"55459"
"H-L",-1.94,NA,NA,"60603"
"H-L",-2.47,NA,NA,"60604"
"H-L",-1.91,NA,NA,"60605"
"H-L",-1.88,NA,NA,"60606"
"H-L",-1.88,NA,4,"60607"
"H-L",-1.93,NA,NA,"60608"
"H",-1.89,NA,NA,"60609"
"H-L",-1.94,NA,NA,"55458"
"H-L",-1.94,NA,NA,"60610"
"H-L",-1.94,NA,NA,"60611"
"L",-1.83,NA,NA,"60612"
"L",-1.81,NA,3,"60613"
"L",-1.88,NA,NA,"60614"
"L",-1.84,NA,2,"60615"
"L",-1.9,NA,3,"60616"
"C",-1.9,NA,3,"60617"
"F-J",-1.9,NA,5,"60618"
"H-L",-1.91,NA,NA,"60619"
"H-I",-1.93,NA,17,"60620"
"C",-1.92,NA,18,"60621"
"C-L",-1.92,NA,NA,"60622"
"C-L",-1.92,NA,NA,"55461"
"C-L",-1.92,NA,NA,"55462"
"C-L",-1.92,NA,NA,"55463"
"x",-1.96,NA,NA,"62371"
"F-J",-1.93,NA,6,"60624"
"H-L",-1.93,NA,NA,"55454"
"H-I",-1.93,NA,NA,"55464"
"F",-1.93,NA,NA,"55471"
"H",-1.95,NA,NA,"60625"
"H",-1.93,NA,NA,"60626"
"L",-1.94,NA,NA,"60627"
"H-L",-1.94,NA,85,"60628"
"F",-1.97,NA,6,"60629"
NA,NA,NA,NA,"60630"
NA,NA,NA,NA,"60631"
"F",-1.99,NA,2,"60632"
"F",-1.99,NA,NA,"60633"
"D",-2.01,NA,NA,"55465"
"H-L",-2.03,NA,30,"60634"
"L",-2.04,NA,NA,"60635"
"L",-2.04,NA,NA,"60636"
"L",-2.05,NA,NA,"60637"
"L",-2.05,146,NA,"60638"
"L",-2.28,169,NA,"60639"
"L",-2.1,151,NA,"60640"
"L",-2.1,151,NA,"60641"
"L",-2.24,NA,NA,"60642"
"L",-2.09,NA,NA,"60643"
"D-M",-2.08,NA,NA,"55466"
"x",-1.97,NA,NA,"60712"
"F",-2.14,184,5,"60645"
"F",-2.17,NA,5,"60646"
"x",-1.98,NA,NA,"62372"
"H-I",-2.5,NA,NA,"60648"
"H-I",-2.55,NA,2,"60649"
"H-I",-2.47,NA,2,"60650"
"N",-2.16,NA,NA,"60651"
"N",-2.13,NA,NA,"60652"
"N",-2.19,NA,NA,"60653"
"N",-2.14,NA,NA,"60654"
"N",-2.17,NA,NA,"60655"
"x",-2,NA,3,"62373"
NA,NA,NA,NA,"60657"
NA,NA,NA,NA,"55467"
"x",-2.14,NA,NA,"60644"
"F",-2.22,NA,8,"60659"
"x",-2.2,NA,NA,"60656"
"F",-2.24,NA,NA,"60661"
"M",NA,86,NA,"62330"
"E",-2.28,NA,NA,"60663"
"F",-2.28,NA,NA,"60664"
"F",-2.28,NA,NA,"60665"
"F",-2.66,NA,NA,"60666"
"F",-2.66,NA,NA,"60667"
"F",-2.63,NA,NA,"60668"
"F",-2.66,NA,NA,"60669"
"F",-2.3,NA,NA,"60670"
"F",-2.32,NA,NA,"60671"
"F",-2.34,NA,NA,"60672"
"x",-2.21,NA,NA,"60658"
"E",-2.51,NA,2,"60674"
"F",-2.6,NA,NA,"60675"
"L",-2.38,NA,7,"60676"
"x",-2.22,NA,NA,"60660"
"F",-2.65,NA,NA,"60677"
"x",-2.29,NA,NA,"62374"
"F",-2.66,NA,12,"60679"
"x",-2.35,NA,NA,"60673"
"C-D",-3.11,NA,NA,"60681"
"H",-3.29,NA,NA,"60682"
"x",-2.48,NA,NA,"60647"
"x",-2.52,NA,NA,"62375"
"x",-2.55,NA,3,"62376"
"x",-2.56,NA,3,"60744"
"x",-2.64,NA,NA,"55468"
"x",-2.64,NA,NA,"55469"
"x",-2.64,NA,NA,"55470"
"x",-2.64,NA,NA,"55468"
"x",-2.66,NA,NA,"60678"
"x",-2.72,NA,NA,"60680"
"x",-2.82,NA,NA,"62379"
"x",-2.84,NA,6,"62380"
"x",-2.85,NA,3,"60745"
"F-M",-3.92,NA,NA,"60695"
"x",-3.36,NA,NA,"62381"
"x",-3.39,NA,NA,"55469"
"x",-3.39,NA,NA,"55470"
"x",-3.43,NA,NA,"60683"
"x",-3.43,NA,NA,"60684"
"x",-3.43,NA,NA,"60685"
"x",-3.43,NA,4,"60746"
"x",-3.46,NA,2,"62382"
"x",-3.48,NA,15,"60747"
"x",-3.52,NA,NA,"60686"
"x",-3.55,NA,NA,"60687"
"x",-3.55,NA,NA,"60748"
"x",-3.58,NA,NA,"60688"
"x",-3.59,NA,24,"60749"
"x",-3.6,NA,36,"60750"
"x",-3.63,NA,4,"62383"
"x",-3.65,NA,30,"62384"
"x",-3.66,NA,39,"60751"
"x",-3.67,NA,33,"60752"
"E-N",-1.74,NA,NA,"60714"
"x",-3.69,NA,NA,"60689"
NA,NA,NA,NA,"60716"
"x",-3.69,NA,5,"60767"
"F",-2.32,NA,2,"60718"
"x",-3.7,NA,12,"62385"
"x",-3.72,NA,NA,"60690"
"x",-3.72,NA,NA,"60691"
"x",-3.74,NA,3,"62386"
"x",-3.77,NA,54,"62387"
"x",-3.78,NA,12,"62388"
"x",-3.78,NA,309,"62389"
"x",-3.79,NA,NA,"60692"
"x",-3.79,NA,9,"62390"
"N",-1.64,NA,3,"60728"
NA,NA,NA,NA,"60729"
NA,NA,NA,NA,"60730"
"F-J",-1.54,NA,NA,"60731"
"x",-3.81,NA,12,"60753"
"x",-3.81,NA,4,"60754"
NA,NA,NA,NA,"60734"
"N",-1.77,NA,5,"60735"
"N",-1.77,NA,NA,"60736"
"N",-1.77,NA,2,"60737"
"x",-3.81,NA,5,"60755"
"E-F",-1.81,NA,NA,"60739"
"F-J",-1.85,NA,2,"60740"
"F-J",-1.91,NA,5,"60741"
"C-L",-1.92,NA,55,"60742"
"F-J",-1.95,NA,5,"60743"
"x",-3.82,NA,NA,"60693"
"x",-3.82,NA,8,"62391"
"x",-3.83,NA,NA,"60694"
"x",-3.83,NA,13,"62392"
"x",-3.84,NA,6,"60756"
"x",-3.84,NA,NA,"62393"
"x",-3.85,NA,34,"62394"
"x",-3.86,NA,18,"60757"
"x",-3.86,NA,10,"62395"
"x",-3.86,NA,27,"62396"
"x",-3.87,NA,105,"62397"
"x",-3.91,NA,4,"62398"
"x",-3.92,NA,NA,"62399"
"x",-3.92,NA,36,"62400"
"x",-3.94,NA,60,"62401"
"x",-3.96,NA,6,"62402"
"x",-3.97,NA,4,"62403"
"x",-3.98,NA,NA,"55475"
"x",-3.98,NA,7,"60758"
"x",-3.99,NA,3,"60759"
"x",-4,NA,12,"60760"
"x",-4.01,NA,8,"60761"
"x",-4.02,NA,NA,"55475"
"x",-4.03,NA,NA,"60696"
"x",-4.03,NA,6,"60762"
"x",-4.04,NA,20,"62404"
"x",-4.08,NA,NA,"60697"
"x",-4.1,NA,NA,"55476"
"x",-4.1,NA,NA,"55476"
"x",-4.13,NA,13,"60764"
"x",-4.14,NA,12,"60763"
"x",-4.22,NA,NA,"60698"
NA,NA,NA,NA,"60831"
NA,NA,NA,NA,"60832"
NA,NA,NA,NA,"60833"
NA,NA,NA,NA,"60834"
NA,NA,NA,NA,"60835"
NA,NA,NA,NA,"60836"
NA,NA,NA,NA,"60837"
NA,NA,NA,NA,"60838"
NA,NA,NA,NA,"60839"
NA,NA,NA,NA,"60840"
NA,NA,NA,NA,"60841"
NA,NA,NA,NA,"60842"
NA,NA,NA,NA,"60843"
NA,NA,NA,NA,"60844"
NA,NA,NA,NA,"60845"
NA,NA,NA,NA,"60846"
NA,NA,NA,NA,"60847"
NA,NA,NA,NA,"60848"
NA,NA,NA,NA,"60849"
NA,NA,NA,NA,"60850"
NA,NA,NA,NA,"60851"
NA,NA,NA,NA,"60852"
NA,NA,NA,NA,"60853"
NA,NA,NA,NA,"60854"
NA,NA,NA,NA,"60855"
NA,NA,NA,NA,"60856"
NA,NA,NA,NA,"60857"
NA,NA,NA,NA,"60858"
NA,NA,NA,NA,"60859"
NA,NA,NA,NA,"60860"
NA,NA,NA,NA,"60861"
NA,NA,NA,NA,"60862"
NA,NA,NA,NA,"60863"
NA,NA,NA,NA,"60864"
NA,NA,NA,NA,"60865"
NA,NA,NA,NA,"60866"
NA,NA,NA,NA,"60867"
NA,NA,NA,NA,"60868"
NA,NA,NA,NA,"60869"
NA,NA,NA,NA,"60870"
NA,NA,NA,NA,"60871"
NA,NA,NA,NA,"60872"
NA,NA,NA,NA,"60873"
NA,NA,NA,NA,"60874"
NA,NA,NA,NA,"60875"
NA,NA,NA,NA,"60876"
NA,NA,NA,NA,"60877 A "
NA,NA,NA,NA,"60877 B"
NA,NA,NA,NA,"60878"
NA,NA,NA,NA,"60879"
NA,NA,NA,NA,"60880"
NA,NA,NA,NA,"60881"
NA,NA,NA,NA,"61441"
NA,NA,NA,NA,"61908"
NA,NA,NA,NA,"61909"
NA,NA,NA,NA,"62010"
NA,NA,NA,NA,"62011"
NA,NA,NA,NA,"62012"
NA,NA,NA,NA,"62013"
NA,NA,NA,NA,"62014"
NA,NA,NA,NA,"62015"
NA,NA,NA,NA,"62016"
NA,NA,NA,NA,"62017"
NA,NA,NA,NA,"62018"
NA,NA,NA,NA,"62019"
NA,NA,NA,NA,"62020"
NA,NA,NA,NA,"62021"
NA,NA,NA,NA,"62022"
NA,NA,NA,NA,"62023"
NA,NA,NA,NA,"62024"
NA,NA,NA,NA,"62025"
NA,NA,NA,NA,"62026"
NA,NA,NA,NA,"62027"
NA,NA,NA,NA,"62028"
NA,NA,NA,NA,"62029"
NA,NA,NA,NA,"62030"
NA,NA,NA,NA,"62031"
NA,NA,NA,NA,"62032"
NA,NA,NA,NA,"62033"
NA,NA,NA,NA,"62034"
NA,NA,NA,NA,"62035"
NA,NA,NA,NA,"62036"
NA,NA,NA,NA,"62037"
NA,NA,NA,NA,"62038"
NA,NA,NA,NA,"62039"
NA,NA,NA,NA,"62040"
NA,NA,NA,NA,"62041"
NA,NA,NA,NA,"62042"
NA,NA,NA,NA,"62043"
NA,NA,NA,NA,"62044"
NA,NA,NA,NA,"62045"
NA,NA,NA,NA,"62046"
NA,NA,NA,NA,"62047"
NA,NA,NA,NA,"62048"
NA,NA,NA,NA,"62049"
NA,NA,NA,NA,"62050"
NA,NA,NA,NA,"62051"
NA,NA,NA,NA,"62052"
NA,NA,NA,NA,"62053"
NA,NA,NA,NA,"62054"
NA,NA,NA,NA,"62055"
NA,NA,NA,NA,"62056"
NA,NA,NA,NA,"62056 B"
NA,NA,NA,NA,"62057"
NA,NA,NA,NA,"62058"
NA,NA,NA,NA,"62059"
NA,NA,NA,NA,"62060"
"J",NA,35,NA,"62060 A"
NA,NA,NA,NA,"62061"
NA,NA,NA,NA,"62062"
NA,NA,NA,NA,"62063"
NA,NA,NA,NA,"62064"
NA,NA,NA,NA,"62065"
NA,NA,NA,NA,"62065 A"
NA,NA,NA,NA,"62066"
NA,NA,NA,NA,"62067"
NA,NA,NA,NA,"62067 A"
NA,NA,NA,NA,"62068"
NA,NA,NA,NA,"62069"
NA,NA,NA,NA,"62070"
NA,NA,NA,NA,"62071"
NA,NA,NA,NA,"62072"
NA,NA,NA,NA,"62073"
NA,NA,NA,NA,"62074"
NA,NA,NA,NA,"62075"
NA,NA,NA,NA,"62076"
NA,NA,NA,NA,"62077"
NA,NA,NA,NA,"62078"
NA,NA,NA,NA,"62079"
NA,NA,NA,NA,"62080"
NA,NA,NA,NA,"62081"
NA,NA,NA,NA,"62084"
NA,NA,NA,NA,"62085"
NA,NA,NA,NA,"62086"
"I",NA,73,2,"62087"
NA,NA,NA,NA,"62088"
NA,NA,NA,NA,"62089"
NA,NA,NA,NA,"62090"
NA,NA,NA,NA,"62091"
NA,NA,NA,NA,"62092"
NA,NA,NA,NA,"62093"
NA,NA,NA,NA,"62094"
NA,NA,NA,NA,"62095"
NA,NA,NA,NA,"62096"
NA,NA,NA,NA,"62097"
NA,NA,NA,NA,"62098"
"D-E",NA,28.5,NA,"62098 A"
NA,NA,NA,NA,"62099"
NA,NA,NA,NA,"62100"
NA,NA,NA,NA,"62101"
NA,NA,NA,NA,"62102"
NA,NA,NA,NA,"62103"
NA,NA,NA,NA,"62104"
NA,NA,NA,NA,"62105"
"H-I",NA,93,NA,"62106"
NA,NA,NA,NA,"62107"
NA,NA,NA,NA,"62108"
NA,NA,NA,NA,"62109"
NA,NA,NA,NA,"62110"
NA,NA,NA,NA,"62111"
NA,NA,NA,NA,"62112"
NA,NA,NA,NA,"62113"
NA,NA,NA,NA,"62114"
NA,NA,NA,NA,"62115"
NA,NA,NA,NA,"62116"
NA,NA,NA,NA,"62117"
NA,NA,NA,NA,"62118"
NA,NA,NA,NA,"62119"
NA,NA,NA,NA,"62120"
NA,NA,NA,NA,"62121"
NA,NA,NA,NA,"62122"
NA,NA,NA,NA,"62123"
NA,NA,NA,NA,"62124"
NA,NA,NA,NA,"62125"
NA,NA,NA,NA,"62126"
NA,NA,NA,NA,"62127"
NA,NA,NA,NA,"62128"
NA,NA,NA,NA,"62129"
NA,NA,NA,NA,"62130"
NA,NA,NA,NA,"62131"
NA,NA,NA,NA,"62132"
"C",NA,10,NA,"62133"
"C",NA,45,NA,"62134"
"C",NA,142,NA,"62135"
"C",NA,142,NA,"62136"
"C",NA,142,NA,"62137"
"C",NA,142,NA,"62138"
"C",NA,200,NA,"62139"
"C",NA,201,NA,"62140"
"C",NA,201,NA,"62141"
"C",NA,208,NA,"62142"
"C",NA,210,NA,"62143"
"C",NA,220,NA,"62144"
"C",NA,220,NA,"62145"
"C",NA,NA,44,"62146"
"D",NA,137,NA,"62147"
"D",NA,137,NA,"62148"
"D",NA,137,NA,"62149"
"D",NA,138,NA,"62150"
"D",NA,144,NA,"62151"
"D",NA,144,NA,"62152"
"D",NA,144,NA,"62153"
"D",NA,144,NA,"62154"
"D",NA,150,NA,"62155"
"D",NA,150,NA,"62156"
"D",NA,150,NA,"62157"
"D",NA,150,NA,"62158"
"D",NA,152,NA,"62159"
"D",NA,153,NA,"62160"
"D",NA,153,NA,"62161"
"D",NA,153,NA,"62162"
"D",NA,155,NA,"62163"
"D",NA,155,NA,"62164"
"D",NA,155,NA,"62165"
"D",NA,156,NA,"62166"
"D",NA,156,NA,"62167"
"D",NA,150,NA,"62168"
"D",NA,160,NA,"62169"
"D",NA,165,NA,"62170"
"D",NA,165,NA,"62171"
"D",NA,162,NA,"62172"
"D",NA,162,NA,"62173"
"D",NA,162,NA,"62174"
"D",NA,162,NA,"62175"
"D",NA,200,NA,"62176"
"D",NA,206,NA,"62177"
"D",NA,207,NA,"62178"
"D",NA,208,NA,"62179"
"D",NA,222,NA,"62180"
"D",NA,222,NA,"62181"
"D",NA,224,NA,"62182"
"D",NA,224,NA,"62182 A"
"D",NA,224,NA,"62183"
"D",NA,224,NA,"62184"
"D",NA,224,NA,"62185"
"D",NA,224,NA,"62186"
"D",NA,224,NA,"62187"
"D",NA,224,NA,"62188"
"D",NA,224,NA,"62189"
"D",NA,226,NA,"62190"
"D",NA,226,NA,"62191"
"D",NA,226,NA,"62192"
"D",NA,230,NA,"62193"
"D",NA,230,NA,"62194"
"D",NA,250,NA,"62195"
"E-F",NA,82,NA,"62196"
"E",NA,115,NA,"62197"
"E",NA,130,2,"62198"
"E",NA,140,4,"62199"
"E",NA,140,NA,"62200"
"E",NA,140,NA,"62201"
"E",NA,146,NA,"62202"
"E",NA,157,NA,"62203"
"E",NA,153,NA,"62204"
"E",NA,153,NA,"62204 A"
"E",NA,154,NA,"62205"
"E",NA,157,3,"62206"
"E",NA,151,NA,"62207"
"E",NA,157,NA,"62208"
"E",NA,157,NA,"62209"
"E",NA,160,NA,"62210"
"E",NA,162,NA,"62211"
"E",NA,NA,6,"62212"
"E",NA,212,NA,"62213"
"E",NA,220,NA,"62214"
"E",NA,223,NA,"62215"
"E",NA,246,NA,"62216"
"E",NA,281,NA,"62217"
"F",NA,99,NA,"62218"
"F",NA,99,NA,"62219"
"F",NA,99,NA,"62220"
"F",NA,142,NA,"62222"
"F",NA,141,NA,"62223"
"F",NA,161,NA,"62224"
"F",NA,162,NA,"62225"
"F",NA,170,NA,"62226"
"F",NA,171,NA,"62227"
"F",NA,183,NA,"62228"
"F",NA,186,NA,"62229"
"G",NA,169,NA,"62230"
"G",NA,169,NA,"62231"
"G",NA,237,NA,"62232"
"G",NA,283,NA,"62233"
"G",NA,288,NA,"62234"
"H",NA,125,NA,"62235"
"H",NA,140,NA,"62236"
"H",NA,146,NA,"62237"
"H",NA,147,NA,"62238"
"H",NA,149,NA,"62239"
"H",NA,150,NA,"62240"
"H",NA,150,NA,"62241"
"H",NA,155,NA,"62242"
"H",NA,155,NA,"62243"
"H",NA,155,NA,"62244"
"H",NA,156,NA,"62245"
"H",NA,159,NA,"62246"
"H",NA,167,NA,"62247"
"H",NA,110,NA,"62248"
"I",NA,196,NA,"62249"
"I",NA,196,NA,"62250"
"I",NA,196,NA,"62251"
"I",NA,196,NA,"62252"
"I",NA,110,NA,"62253"
"I",NA,118,NA,"62254"
"I",NA,120,NA,"62255"
"I",NA,120,NA,"62256"
"I",NA,120,NA,"62257"
"I",NA,133,NA,"62258"
"I",NA,144,NA,"62259"
"I",NA,144,NA,"62260"
"I",NA,148,NA,"62261"
"I",NA,153,NA,"62262"
"I",NA,153,NA,"62263"
"I",NA,155,NA,"62264"
"I",NA,214,NA,"62265"
"I",NA,235,NA,"62266"
"I",NA,245,NA,"62267"
"I",NA,245,NA,"62268"
"I",NA,245,NA,"62269"
"I",NA,260,NA,"62270"
"I",NA,260,NA,"62271"
"I",NA,260,NA,"62272"
"I",NA,260,NA,"62273"
"J",NA,140,NA,"62274"
"J",NA,147,NA,"62275"
"J",NA,224,NA,"62276"
"J",NA,270,NA,"62277"
"K",NA,83,NA,"62278"
"K",NA,82,NA,"62279"
"K",NA,104,NA,"62280"
"K",NA,110,NA,"62281"
"K",NA,115,NA,"62282"
"K",NA,110,NA,"62283"
"K",NA,110,NA,"62284"
"K",NA,117,4,"62285"
"K",NA,128,NA,"62286"
"K",NA,128,NA,"62287"
"K",NA,128,NA,"62288"
"K",NA,155,NA,"62289"
"K",NA,155,NA,"62290"
"K",NA,155,NA,"62291"
"K",NA,155,NA,"62292"
"K",NA,155,NA,"62293"
"K",NA,155,NA,"62294"
"K",NA,155,NA,"62295"
"K",NA,NA,5,"62296"
"K",NA,216,NA,"62297"
"L",NA,120,NA,"62298"
"L",NA,120,NA,"62299"
"L",NA,120,NA,"62300"
"L",NA,129,NA,"62301"
"L",NA,131,NA,"62302"
"L",NA,131,NA,"62303"
"L",NA,136,NA,"62304"
"L",NA,136,NA,"62305"
"L",NA,140,NA,"62306"
"L",NA,140,NA,"62307"
"L",NA,141,NA,"62308"
"L",NA,142,NA,"62309"
"L",NA,142,NA,"62310"
"L",NA,147,NA,"62311"
"L",NA,147,NA,"62312"
"L",NA,151,NA,"62313"
"L",NA,151,NA,"62314"
"L",NA,151,NA,"62315"
"L",NA,151,NA,"62316"
"L",NA,152,NA,"62317"
"L",NA,152,NA,"62318"
"L",NA,152,NA,"62319"
"L",NA,153,NA,"62320"
"L",NA,153,NA,"62321"
"L",NA,153,NA,"62322"
"L",NA,154,NA,"62323"
"L",NA,156,NA,"62324"
"L",NA,156,NA,"62325"
"L",NA,166,NA,"62326"
"L",NA,166,NA,"62327"
"L",NA,171,NA,"62328"
"L",NA,181,NA,"62329"
"M",NA,92,NA,"62331"
"M",NA,92,NA,"62481"
"M",NA,99,NA,"62482"
"M",NA,99,NA,"62483"
"M",-1.67,126,NA,"60565"
"M",-1.73,126,3,"62333"
"M",NA,129,NA,"62334"
"M",NA,129,NA,"62335"
"M",NA,134,2,"62336"
"M",NA,136,7,"62496"
"M",NA,138,6,"62494"
"M",NA,142,NA,"62495"
"M",NA,143,NA,"62497"
"M",NA,145,NA,"62337"
"M",NA,148,NA,"62338"
"M",NA,148,NA,"62339"
"M",NA,148,NA,"62484"
"M",NA,148,NA,"62485"
"M",NA,148,NA,"62486"
"M",NA,160,NA,"62340"
"M",NA,160,NA,"62341"
"M",NA,160,NA,"62487"
"M",NA,160,NA,"62488"
"M",NA,160,NA,"62489"
"F",NA,181,NA,"62354"
"F",NA,181,NA,"62355"
"N",NA,196,NA,"62356"
"N'",NA,70,NA,"62357"
"N'",NA,101,NA,"62358"
"C-N",NA,102,NA,"62359"
"N'",NA,130,NA,"62360"
"N'",NA,139,4,"62361"
"N'",NA,143,9,"62362"
"N'",NA,164,NA,"62363"
"x",-4.27,NA,NA,"60699"
"x",-4.3,NA,4,"60765"
"x",-4.34,NA,NA,"60700"
"x",-4.51,NA,NA,"60701"
"x",-4.56,NA,2,"60766"
"x",-4.64,NA,NA,"60768"
"x",-4.86,NA,NA,"60770"
"x",-4.87,NA,NA,"60702"
"x",-4.87,NA,3,"60769"
"x",-4.89,NA,NA,"55477"
"x",-4.89,NA,NA,"60703"
"x",-4.89,NA,NA,"55477"
"x",-4.95,NA,NA,"60704"
"x",-5.01,NA,NA,"60705"
"x",-5.01,NA,2,"60771"
"x",-5.11,NA,NA,"55478"
"x",-5.11,NA,NA,"55479"
"x",-5.11,NA,NA,"55478"
"x",-5.17,NA,NA,"55479"
"x",-5.23,NA,NA,"60706"
"x",-5.51,NA,NA,"60709"
"x",-5.52,NA,NA,"60711"
"x",-5.58,NA,41,"60772"
"x",-5.59,NA,NA,"60707"
"x",-5.63,NA,NA,"60708"
"x",-5.81,NA,NA,"60710"
"x",NA,NA,NA,"60713"
"x",NA,NA,NA,"60715"
"x",NA,NA,NA,"60717"
"x",NA,NA,8,"60773"
"x",NA,NA,6,"60774"
"x",NA,NA,4,"60776"
"x",NA,NA,4,"60830"
"x",NA,94,NA,"62364"
"x",NA,130,NA,"62365"
"x",NA,158,NA,"62366"
"x",NA,162,NA,"62367"
"x",NA,261,3,"62377"
"x",NA,267,2,"62378"
NA,NA,NA,NA,"62405"
NA,NA,NA,NA,"62406"
NA,NA,NA,NA,"62407"
NA,NA,NA,NA,"62408"
NA,NA,NA,NA,"62409"
NA,NA,NA,NA,"62410"
NA,NA,NA,NA,"62411"
NA,NA,NA,NA,"62412"
NA,NA,NA,NA,"62413"
NA,NA,NA,NA,"62414"
NA,NA,NA,NA,"62415"
NA,NA,NA,NA,"62416"
NA,NA,NA,NA,"62417"
"C",NA,142,NA,"62418"
"C",NA,142,NA,"62419"
"C",NA,142,NA,"62420"
"C",NA,142,NA,"62421"
"C",NA,142,4,"62422"
"C",NA,142,NA,"62422"
"D",NA,137,NA,"62423"
"D",NA,137,NA,"62424"
"D",NA,147,NA,"62425"
"D",NA,144,NA,"62426"
"D",NA,152,NA,"62427"
"H",NA,155,NA,"62428"
"D",NA,156,NA,"62429"
"D",NA,157,NA,"62430"
"D",NA,160,NA,"62431"
"D",NA,162,NA,"62432"
"D",NA,162,NA,"62433"
"D",NA,162,NA,"62434"
"D",NA,162,NA,"62435"
"D",NA,168,NA,"62436"
"E",NA,105,2,"62437"
"E",NA,146,NA,"62438"
"E",NA,148,NA,"62439"
"E",NA,158,NA,"62440"
"E",NA,160,3,"62441"
"E",NA,160,2,"62442"
"E",NA,165,NA,"62443"
"E",NA,188,NA,"62444"
"E",NA,188,NA,"62445"
"F",NA,NA,NA,"62446"
"F",NA,176,NA,"62447"
"F",NA,176,NA,"62448"
"F",NA,176,NA,"62449"
"F",NA,176,NA,"62450"
"F",NA,176,NA,"62451"
"F",NA,176,NA,"62452"
"x",NA,176,NA,"62453"
"F",NA,183,NA,"62454"
"F",NA,183,NA,"62455"
"F",NA,183,NA,"62456"
"F",NA,183,NA,"62457"
"G",NA,115,NA,"62458"
"G",NA,132,NA,"62459"
"G",NA,132,NA,"62460"
"G",NA,132,NA,"62461"
NA,NA,NA,NA,"62462"
"H",NA,137,NA,"62463"
"H",NA,155,NA,"62464"
"H",NA,163,NA,"62465"
"I",NA,150,NA,"62466"
"I",NA,153,NA,"62467"
"J",NA,116,NA,"62468"
"J",NA,146,NA,"62469"
"J",NA,146,NA,"62470"
"J",NA,148,NA,"62471"
"J",NA,150,NA,"62472"
"J",NA,151,NA,"62473"
NA,NA,NA,NA,"62473 A"
"J",NA,164,2,"62474"
NA,NA,NA,NA,"62474 A"
"J",NA,164,2,"62475"
"L",NA,131,NA,"62476"
"L",NA,154,NA,"62477"
"L",NA,154,NA,"62478"
"M",NA,160,NA,"62490"
"M",NA,170,8,"62342"
"M",NA,170,NA,"62343"
"M",NA,179,NA,"62491"
"M",NA,179,NA,"62492"
"M",NA,184,5,"62344"
"M",NA,185,9,"62345"
"M",NA,186,7,"62346"
"M",NA,188,9,"62347"
"M",NA,191,11,"62348"
"M",NA,191,4,"62349"
"M",NA,193,5,"62350"
"M",NA,194,4,"62351"
"M",NA,398,NA,"62352"
"M",NA,400,NA,"62353"
"M",-2.27,NA,NA,"60662"
"M",-0.99,NA,NA,"62332"
"M",NA,85,NA,"62479"
"M",NA,NA,3,"62493"
"D",NA,163,NA,"62498"
"N",NA,111,3,"62499"
"N",NA,140,NA,"62499 A"
"N",NA,170,NA,"62500"
"N'",NA,192,NA,"62501"
"N'",NA,90,NA,"62501 A"
"N'",NA,124,NA,"62502"
"N'",NA,130,NA,"62503"
"N'",NA,132,NA,"62504"
"N'",NA,133,NA,"62505"
"N'",NA,134,NA,"62506"
"N'",NA,134,NA,"62507"
"N'",NA,138,NA,"62508"
"N'",NA,140,NA,"62509"
"N'",NA,140,NA,"62510"
"N'",NA,140,NA,"62511"
"N'",NA,140,NA,"62512"
"N'",NA,140,NA,"62513"
"N'",NA,140,NA,"62514"
"N'",NA,140,NA,"62515"
"N'",NA,140,NA,"62516"
"N'",NA,140,6,"62517"
"N'",NA,140,12,"62518"
"N'",NA,NA,NA,"62519"
"N'",NA,141,NA,"62520"
"N'",NA,141,NA,"62521"
"N'",NA,142,NA,"62522"
"N'",NA,142,NA,"62523"
"N'",NA,144,NA,"62524"
"N'",NA,144,NA,"62525"
"C-D",NA,146,NA,"62526"
NA,NA,NA,NA,"62527"
"C-D",NA,154,NA,"62528"
"C-D",NA,154,NA,"62529"
"C-D",NA,154,NA,"62530"
"C-D",NA,154,NA,"62531"
"C-D",NA,160,NA,"62532"
"C-D",NA,160,NA,"62533"
"D-E",NA,148,NA,"62534"
"D-E",NA,148,NA,"62535"
"D-E",NA,148,NA,"62536"
"D-F",NA,157,3,"62537"
"D-H",NA,150,NA,"62538"
"D-H",NA,160,NA,"62539"
"F-J",NA,150,NA,"62540"
NA,NA,NA,NA,"62540 A"
"H-I",NA,150,NA,"62541"
"H-I",NA,150,NA,"62542"
"I-E",NA,150,NA,"62543"
"I-E",NA,154,7,"62544"
"I-E",NA,174,NA,"62545"
"E-I",NA,227,NA,"62546"
"E-I",NA,230,NA,"62547"
"E-I",NA,231,NA,"62548"
"G-K",NA,80,NA,"62549"
"M-N",NA,NA,NA,"62550"
"D-M",NA,111,NA,"62551"
"D-M",NA,147,NA,"62552"
"D-M",NA,147,5,"62553"
"D-M",NA,148,NA,"62554"
"D-M",NA,148,NA,"62555"
"D-M",NA,148,NA,"62556"
"D-M",NA,148,NA,"62557"
"D-M",NA,150,NA,"62558"
"G-M",NA,155,NA,"62559"
"D-M",NA,155,NA,"62560"
"D-M",NA,155,NA,"62561"
"D-M",NA,155,NA,"62562"
"D-M",NA,155,NA,"62563"
"D-M",NA,155,NA,"62564"
"D-M",NA,155,NA,"62565"
"D-M",NA,155,NA,"62566"
"D-M",NA,163,NA,"62567"
"D-M",NA,163,NA,"62568"
"D-M",NA,163,NA,"62569"
"D-M",NA,163,NA,"62570"
"D-M",NA,163,NA,"62571"
"D-M",NA,163,10,"62572"
"D-M",NA,170,4,"62573"
"D-M",NA,177,6,"62574"
"D-M",NA,177,5,"62575"
"D-M",NA,177,NA,"62576"
"D-M",NA,177,NA,"62577"
"D-M",-1.98,NA,NA,"62578"
"D-M",-2.03,NA,NA,"62579"
"L-M",-2.27,NA,NA,"62580"
"D-M",-2.3,NA,NA,"62581"
"D-M",-2.3,NA,NA,"62582"
"D-M",-2.3,NA,NA,"62583"
"E-F",NA,137,3,"62584"
"E-F",NA,155,2,"62585"
NA,NA,NA,NA,"62585 A"
"E-F",NA,156,8,"62586"
"E-F",NA,158,6,"62587"
"E-F",NA,138,NA,"62588"
"E-F",NA,160,2,"62588 A"
"E-F",NA,161,1,"62588 B"
"E-F",NA,165,3,"62589"
"E-F",NA,177,3,"62590"
"F-M",NA,138,1,"62591"
"F-M",NA,188,8,"62592"
"F-M",NA,190,2,"62593"
"F-M",NA,179,NA,"62593 A"
"F-M",NA,NA,NA,"62593 B"
"F-M",NA,NA,12,"62593 C"
"F-M",NA,NA,2,"62594"
"F-M",-3.75,NA,101,"62595"
NA,NA,NA,NA,"62596"
NA,NA,NA,NA,"62597"
NA,NA,NA,NA,"62598"
NA,NA,NA,NA,"62599"
NA,NA,NA,NA,"62600"
NA,NA,NA,NA,"62601"
NA,NA,NA,NA,"62602"
NA,NA,NA,NA,"62603"
NA,NA,NA,NA,"62604"
NA,NA,NA,NA,"62605"
NA,NA,NA,NA,"62606"
NA,NA,NA,NA,"62607"
NA,NA,NA,NA,"62608"
NA,NA,NA,NA,"62609"
NA,NA,NA,NA,"62610"
NA,NA,NA,NA,"62611"
NA,NA,NA,NA,"62612"
NA,NA,NA,NA,"62613"
NA,NA,NA,NA,"62614"
NA,NA,NA,NA,"62615"
NA,NA,NA,NA,"62616"
NA,NA,NA,NA,"62617"
NA,NA,NA,NA,"62618"
NA,NA,NA,NA,"62619"
NA,NA,NA,NA,"62620"
NA,NA,NA,NA,"62621"
NA,NA,NA,NA,"62622"
NA,NA,NA,NA,"62623"
NA,NA,NA,NA,"62624"
NA,NA,NA,NA,"62625"
NA,NA,NA,NA,"62626"
NA,NA,NA,NA,"62627"
NA,NA,NA,NA,"62628"
NA,NA,NA,NA,"62629"
NA,NA,NA,NA,"62630"
NA,NA,NA,NA,"62631"
NA,NA,NA,NA,"62540 A"
NA,NA,NA,NA,"62473 A"
NA,NA,NA,NA,"62632"
NA,NA,NA,NA,"62633"
NA,NA,NA,NA,"62527"
NA,NA,NA,NA,"62585"
NA,NA,NA,NA,"62462"
NA,NA,NA,NA,"62474 A"
NA,NA,NA,NA,"62634"
NA,NA,NA,NA,"62635"
NA,NA,NA,NA,"62636"
NA,NA,NA,NA,"62637"
NA,NA,NA,NA,"62710"
NA,NA,NA,NA,"62711"
NA,NA,NA,NA,"62712"
NA,NA,NA,NA,"73609"
NA,NA,NA,NA,"73610"
NA,NA,NA,NA,"73611"
NA,NA,NA,NA,"80313"
NA,NA,NA,NA,"80314"
NA,NA,NA,NA,"80348"
NA,NA,NA,NA,"80349"
NA,NA,NA,NA,"80350"
NA,NA,NA,NA,"80351"
NA,NA,NA,NA,"80352"
NA,NA,NA,NA,"80353"
NA,NA,NA,NA,"80354"
NA,NA,NA,NA,"80355"
NA,NA,NA,NA,"80356"
NA,NA,NA,NA,"80357"
NA,NA,NA,NA,"80358"
NA,NA,NA,NA,"80359"
NA,NA,NA,NA,"80360"
NA,NA,NA,NA,"80361"
NA,NA,NA,NA,"80362"
NA,NA,NA,NA,"80363"
NA,NA,NA,NA,"80364"
NA,NA,NA,NA,"80365"
NA,NA,NA,NA,"80366"
NA,NA,NA,NA,"80367"
NA,NA,NA,NA,"80368"
NA,NA,NA,NA,"80369"
NA,NA,NA,NA,"82515"
NA,NA,NA,NA,"82516"
